[
  {
    "id": 1,
    "name": "Abram Langtry USA",
    "image": "/images/avatar/avatar2.jpeg",
    "department": 4,
    "salary": 1500
  },
  {
    "id": 2,
    "name": "Flossy Arrell",
    "image": "/images/avatar/avatar1.jpeg",
    "department": 2,
    "salary": 123456
  },
  {
    "id": 3,
    "name": "Giorgio Antonioni",
    "image": "/images/avatar/avatar1.jpeg",
    "department": 3,
    "salary": 95000
  },
  {
    "name": "Himanshu",
    "image": "/images/avatar/avatar2.jpeg",
    "department": 4,
    "salary": 100000,
    "createdAt": 1670325954162,
    "id": "tEYFrHNsdO"
  },
  {
    "name": "John Doe",
    "image": "/images/avatar/avatar1.jpeg",
    "department": 1,
    "salary": 80000,
    "id": "R4dvtugCT2"
  },
  {
    "name": "Test",
    "department": 4,
    "salary": 15555,
    "image": "/images/avatar/avatar1.jpeg",
    "id": 3
  }
]
