{
  "arts": [
    {
      "id": 1,
      "title": "Starry Night",
      "artist": "Vincent van Gogh",
      "year": 1889,
      "medium": "Oil on Canvas",
      "price": "1000",
      "details": {
        "paintbrushes": [
          "Round",
          "Flat"
        ],
        "solvents": [
          "Turpentine",
          "Mineral Spirits"
        ]
      },
      "image": "./server-files/images/StarryNight.jpg"
    },
    {
      "id": 2,
      "title": "Mona Lisa",
      "artist": "Leonardo da Vinci",
      "year": 1503,
      "medium": "Oil on Panel",
      "price": 8600,
      "details": {
        "paintbrushes": [
          "Round",
          "Filbert"
        ],
        "solvents": [
          "Linseed Oil",
          "Mineral Spirits"
        ]
      },
      "image": "./server-files/images/MonaLisa.jpg"
    },
    {
      "id": 3,
      "title": "The Persistence of Memory",
      "artist": "Salvador Dalí",
      "year": 1931,
      "medium": "Oil on Canvas",
      "price": 5750,
      "details": {
        "paintbrushes": [
          "Flat",
          "Fan"
        ],
        "solvents": [
          "Turpentine",
          "Acetone"
        ]
      },
      "image": "./server-files/images/ThePersistenceofMemory.jpg"
    },
    {
      "id": 4,
      "title": "Starry Night Over the Rhône",
      "artist": "Vincent van Gogh",
      "year": 1888,
      "medium": "Oil on Canvas",
      "price": 13000,
      "details": {
        "paintbrushes": [
          "Round",
          "Flat"
        ],
        "solvents": [
          "Turpentine",
          "Mineral Spirits"
        ]
      },
      "image": "./server-files/images/StarryNightOvertheRhône.jpg"
    },
    {
      "id": 5,
      "title": "The Scream",
      "artist": "Edvard Munch",
      "year": 1893,
      "medium": "Tempera on Canvas",
      "price": 12000,
      "details": {
        "paintbrushes": [
          "Round",
          "Flat"
        ],
        "solvents": [
          "Turpentine",
          "Mineral Spirits"
        ]
      },
      "image": "./server-files/images/TheScream.jpg"
    },
    {
      "id": 6,
      "title": "The Birth of Venus",
      "artist": "Sandro Botticelli",
      "year": 1484,
      "medium": "Tempera on Canvas",
      "price": 89000,
      "details": {
        "paintbrushes": [
          "Flat",
          "Filbert"
        ],
        "solvents": [
          "Linseed Oil",
          "Mineral Spirits"
        ]
      },
      "image": "./server-files/images/TheBirthofVenus.jpg"
    },
    {
      "id": 7,
      "title": "Guernica",
      "artist": "Pablo Picasso",
      "year": 1937,
      "medium": "Oil on Canvas",
      "price": 20000,
      "details": {
        "paintbrushes": [
          "Round",
          "Filbert"
        ],
        "solvents": [
          "Turpentine",
          "Mineral Spirits"
        ]
      },
      "image": "./server-files/images/Guernica.jpg"
    },
    {
      "id": 8,
      "title": "The Girl with a Pearl Earring",
      "artist": "Johannes Vermeer",
      "year": 1665,
      "medium": "Oil on Canvas",
      "price": 1000,
      "details": {
        "paintbrushes": [
          "Round",
          "Flat"
        ],
        "solvents": [
          "Linseed Oil",
          "Mineral Spirits"
        ]
      },
      "image": "./server-files/images/TheGirlwithaPearlEarring.jpg"
    },
    {
      "id": 9,
      "title": "Hare",
      "artist": "Edvard Munch",
      "year": 1922,
      "medium": "Oil on Canvas",
      "price": 1200,
      "details": {
        "paintbrushes": [
          "Round",
          "Filbert"
        ],
        "solvents": [
          "Turpentine",
          "Mineral Spirits"
        ]
      },
      "image": "./server-files/images/hare.jpg"
    },
    {
      "id": 10,
      "title": "Nighthawks",
      "artist": "edward hopper",
      "year": 1495,
      "medium": "Fresco",
      "price": 8000,
      "details": {
        "paintbrushes": [
          "Round",
          "Flat"
        ],
        "solvents": [
          "Linseed Oil",
          "Mineral Spirits"
        ]
      },
      "image": "./server-files/images/Nighthawks.jpg"
    },
    {
      "id": 11,
      "title": "cafe terrace at night",
      "artist": "van gogh",
      "year": 1931,
      "medium": "Oil on Canvas",
      "price": 57500,
      "details": {
        "paintbrushes": [
          "Flat",
          "Fan"
        ],
        "solvents": [
          "Turpentine",
          "Acetone"
        ]
      },
      "image": "./server-files/images/CaféTerraceAtNight.png"
    },
    {
      "id": 12,
      "title": "Sistine Chapel Ceiling",
      "artist": "michelangelo",
      "year": 1930,
      "medium": "Oil on Beaverboard",
      "price": 400000,
      "details": {
        "paintbrushes": [
          "Round",
          "Filbert"
        ],
        "solvents": [
          "Turpentine",
          "Mineral Spirits"
        ]
      },
      "image": "./server-files/images/SistineChapelCeiling.jpg"
    },
    {
      "id": 13,
      "title": "The Night Watch",
      "artist": "Rembrandt",
      "year": 1642,
      "medium": "Oil on Canvas",
      "price": 900000,
      "details": {
        "paintbrushes": [
          "Round",
          "Flat"
        ],
        "solvents": [
          "Linseed Oil",
          "Mineral Spirits"
        ]
      },
      "image": "./server-files/images/thenightwatch.png"
    },
    {
      "id": 14,
      "title": "Wanderer Above The Sea Of Fog",
      "artist": "Caspar David Friedrich",
      "year": 1484,
      "medium": "Tempera on Canvas",
      "price": 890,
      "details": {
        "paintbrushes": [
          "Flat",
          "Filbert"
        ],
        "solvents": [
          "Linseed Oil",
          "Mineral Spirits"
        ]
      },
      "image": "./server-files/images/WandererAboveTheSeaOfFog.jpg"
    },
    {
      "id": 15,
      "title": "Water Lilies",
      "artist": "Claude Monet",
      "year": 1919,
      "medium": "Oil on Canvas",
      "price": 5000,
      "details": {
        "paintbrushes": [
          "Round",
          "Flat"
        ],
        "solvents": [
          "Turpentine",
          "Mineral Spirits"
        ]
      },
      "image": "./server-files/images/WaterLilies.jpg"
    },
    {
      "id": 16,
      "title": "Whistler Mother",
      "artist": "James McNeill Whistler",
      "year": 1484,
      "medium": "Tempera on Canvas",
      "price": 85000,
      "details": {
        "paintbrushes": [
          "Flat",
          "Filbert"
        ],
        "solvents": [
          "Linseed Oil",
          "Mineral Spirits"
        ]
      },
      "image": "./server-files/images/Whistler’sMother.jpg"
    },
    {
      "id": 17,
      "title": "The Flower Carrier",
      "artist": "Diego Rivera",
      "year": 1888,
      "medium": "Oil on Canvas",
      "price": 1250000,
      "details": {
        "paintbrushes": [
          "Round",
          "Flat"
        ],
        "solvents": [
          "Turpentine",
          "Mineral Spirits"
        ]
      },
      "image": "./server-files/images/TheFlowerCarrier.jpg"
    },
    {
      "id": 18,
      "title": "Impression, Sunrise",
      "artist": "Edvard Munch",
      "year": 1893,
      "medium": "Tempera on Canvas",
      "price": 11500,
      "details": {
        "paintbrushes": [
          "Round",
          "Flat"
        ],
        "solvents": [
          "Turpentine",
          "Mineral Spirits"
        ]
      },
      "image": "./server-files/images/ImpressionSunrise.jpg"
    },
    {
      "id": 19,
      "title": "A Sunday Afternoon on the Island of La Grande Jatte",
      "artist": "Georges Seurat",
      "year": 1665,
      "medium": "Oil on Canvas",
      "price": 95000,
      "details": {
        "paintbrushes": [
          "Round",
          "Flat"
        ],
        "solvents": [
          "Linseed Oil",
          "Mineral Spirits"
        ]
      },
      "image": "./server-files/images/ASundayAfternoonontheIslandofLaGrandeJatte.jpg"
    },
    {
      "id": 20,
      "title": "The Night Watch",
      "artist": "Rembrandt van Rijn",
      "year": 1930,
      "medium": "Tempera on Canvas",
      "price": 380000,
      "details": {
        "paintbrushes": [
          "Round",
          "Filbert"
        ],
        "solvents": [
          "Turpentine",
          "Mineral Spirits"
        ]
      },
      "image": "./server-files/images/TheNightWatch.jpg"
    }
  ]
}